,Total Loss,Val Loss
Epoch 1,4.736854553222656,2.2598403692245483
Epoch 2,3.8704107999801636,1.7043295204639435
Epoch 3,4.015351384878159,1.8512344062328339
